pagina,categoria,nombre_curso,seccion,nombre_taller,profesores,codigo,horario,instagram,descripcion,imagenes
4,Taller III,TALLER III: Problema y Concepto,DIS09211-01 · Gráfico,Taller Concreto,Camilo Zúñiga + Antonieta López,DIS09211 sección 1,JU 14:30 - 18:45; LU 08:30 - 12:50,@tdg.udp,"Nuestro taller es un espacio donde abordamos los principios básicos del diseño gráfico, con un enfoque aplicado a proyectos cuya ejecución busca ser lo más cercana posible a la realidad profesional. En este sentido, es importante destacar el proyecto desarrollado junto al Teatro Municipal de Santiago en el ámbito de la Interpretación Audiovisual, así como otros trabajos realizados con entidades públicas y privadas. Estas experiencias permiten que las y los estudiantes desarrollen proyectos vinculados a organizaciones relevantes del ámbito nacional y vivan instancias de acercamiento temprano al mundo laboral, significativas para su formación y desarrollo profesional. Trabajamos de manera intensiva en la conceptualización y materialización visual de los conceptos a trabajar en nuestros proyectos, profundizando en la autonomía y la toma de decisiones de nuestras y nuestros estudiantes, de modo que cada propuesta cuente con una base sólida al momento de su realización. Asimismo, ponemos un fuerte énfasis en el trabajo tipográfico, así como en la experimentación y el análisis de referentes para cada uno de los proyectos que desarrollamos.",p04_00.jpg; p04_01.jpg
5,Taller III,TALLER III: Problema y Concepto,DIS09211-02 · Gráfico,Taller Causa y Efecto,Nicolás Sagredo + Natalia Hurtado,DIS09211 sección 2,JU 14:30 - 18:45; LU 08:30 - 12:50,@tallercausaefecto,"El TALLER: PROBLEMA Y CONCEPTO es una asignatura de integración teórico-práctica con un carácter vertebral y transversal que busca articular los conocimientos adquiridos en otras asignaturas para incorporarlos en el trabajo práctico a partir de un marco metodológico de diseño. El curso fortalece las habilidades de análisis y el pensamiento crítico, motivando a las y los estudiantes a descubrir oportunidades de diseño y resolver problemas comprendiendo el diseño como una herramienta de transformación. Se ejercita la relación entre las ideas y su materialización. Profundizando en los procesos y búsquedas de representación visual. Creemos que la experimentación material de los conceptos puede abrir caminos para el encuentro con la voz propia y descubrir la potencia de la imagen en la comunicación contemporánea.",p05_00.jpg
6,Taller III,TALLER III: Problema y Concepto,DIS09211-03 · Gráfico,Taller Explora,Antonieta Necochea + Felipe Sanzana,DIS09211 sección 3,JU 14:30 - 18:45; LU 08:30 - 12:50,@tdg.explora,"En Taller Explora nos centramos en construir una base sólida para crear mensajes visuales, explorando distintas formas de abordar problemáticas desde el diseño. Más que la experimentación de materiales, el foco está en revisar distintas maneras de enfrentar cada proyecto y lo hacemos desde tres pilares fundamentales: 1. Hacemos especial énfasis en la conceptualización y el uso consciente de los elementos del diseño gráfico, como la tipografía, la composición y la narrativa visual, para crear proyectos que articulen sistemas gráficos coherentes y sensibles. 2. Fomentamos la autonomía en el proceso de cada estudiante, impulsando la investigación, el estudio crítico de referentes y el desarrollo de una voz propia. Nos interesa tomar posición desde el diseño y pensar de forma crítica, equilibrando intuición, análisis y reflexión. 3. Valoramos el proceso, entendiendo que el error es parte del camino y que perderle el miedo a explorar es clave para abrir nuevas posibilidades.",p06_00.jpg; p06_01.jpg; p06_02.jpg; p06_03.jpg
7,Taller III,TALLER III: Problema y Concepto,DIS09211-04 · Industrial,Taller de Celebración,Carolina Kusanovich + Felipe Cardemil,DIS09211 sección 4,JU 14:30 - 18:45; LU 08:30 - 12:50,@tallerdecelebracionudp,"Nuestra temática de estudio es el DISEÑO DE CELEBRACIÓN, trabajamos el comer y el beber, desde el bocado al espacio, como actos que convocan, reúnen e invitan a través del diseño. En paralelo, el taller desarrolla un proyecto vinculado al habitar de la ciudad y a los gestos cotidianos del hombre. Mediante el croquis, la observación, la investigación y la experimentación con alimento, objeto y materialidad, cada estudiante integra fundamentos técnicos con una comprensión cultural del diseño. Contamos con el Laboratorio del Alimento, una cocina móvil de investigación en diseño que permite el desarrollo de procesos exploratorios y la creación de Ágapes de celebración. Asimismo, el Laboratorio dispone de maquinaria que posibilita la fabricación tanto del alimento como de pequeños dispositivos en sala, integrando experimentación material, técnica y espacial en el proceso de diseño. Cada año el taller propone un modo de celebrar y una problemática asociada al habitar, entendidas como ocasiones únicas que permiten al estudiantado investigar, observar, proponer, construir, cotizar y conformar equipos de trabajo. Trabajamos de manera integral la observación, la conceptualización del fundamento, la experimentación, el diseño y la propuesta técnica, como ejes del proceso proyectual.",p07_00.jpg
8,Taller III,TALLER III: Problema y Concepto,DIS09211-05 · Industrial,Taller Colectivo,Juan Gili + Sebastián Romero,DIS09211 sección 5,JU 14:30 - 18:45; LU 08:30 - 12:50,@taller_colectivo,"El Taller de Diseño Industrial ""Taller Colectivo"" es una asignatura de segundo año de la UDP, enfocada en el diseño de equipamiento público, tanto efímero como permanente. Su metodología se basa en la observación y análisis de necesidades del entorno local, abarcando la ciudad, espacios culturales, parques y áreas de conservación. El taller profundiza en el desarrollo de sistemas constructivos y la problematización de temáticas públicas, permitiendo a los estudiantes explorar soluciones particulares y situadas. A través de un proceso que combina enfoques inductivos y deductivos, el curso promueve una mirada constructiva y reflexiva, en la que los estudiantes diseñan, representan, construyen e instalan sus proyectos en el espacio público.",p08_00.jpg; p08_01.jpg; p08_02.jpg; p08_03.jpg; p08_04.jpg
9,Taller III,TALLER III: Problema y Concepto,DIS09211-06 · Textil e Indumentaria,Taller Lenguaje Textil - TLT,Karla Villarroel + Beatriz Yáñez,DIS09211 sección 6,JU 14:30 - 18:45; LU 08:30 - 12:50,@tallertextil.udp,"El Taller Lenguaje Textil se sitúa cumpliendo un rol estratégico en la articulación entre el pensamiento crítico, investigación aplicada y desarrollo proyectual. Desde una perspectiva contemporánea del diseño, se concibe el medio textil como un campo complejo atravesado por tensiones ecológicas, sociales, culturales y productivas. En este marco, se aborda la relación entre artesanía y tecnología como sistemas productivos coexistentes, promoviendo la exploración entre lo manual y lo digital que amplían los modos de producción, pensamiento y expresión del diseño textil. El taller entiende el proyecto como un proceso simultáneo de aprendizaje y creación, donde la investigación de contexto, el análisis crítico de referentes y la experimentación con materiales permiten redefinir la noción de materia prima desde una perspectiva sustentable, circular y regenerativa. A través de metodologías proyectuales y del enfoque thinking through making, las y los estudiantes desarrollan una relación crítica con la materia, comprendiendo el hacer textil como una práctica reflexiva en la que el conocimiento emerge del diálogo directo con los materiales, sus comportamientos y sus posibilidades técnicas y simbólicas.",p09_00.jpg
10,Taller III,TALLER III: Problema y Concepto,DIS09211-07 · Interacción Digital,Taller Experiencia de Usuario,Carolina Pino + Dominique Tetzner,DIS09211,"LU 08:30 - 12:50, JU 14:30 - 18:45",,"El taller de Experiencia de Usuario hace énfasis en el trabajo de campo y análisis de referentes para detectar oportunidades de diseño de interacción, con propuestas de valor y objetivos proyectuales coherentes. A través de la metodología CPA -que tiene 4 pasos: 1-observar, 2-registrar, 3-ejecutar (pensar-hacer), 4-decir y mostrar show&tell-, se hará foco en el diseño de experiencias y la interacción. El taller promueve el prototipado, la iteración y la validación con usuarios, fortaleciendo la capacidad de comunicar procesos y resultados mediante narrativas visuales y conceptuales. Su enfoque prepara a los estudiantes para abordar entornos complejos y desafíos reales del ejercicio profesional del diseño contemporáneo con énfasis en el uso de herramientas y problemáticas digitales. Las y los estudiantes desarrollarán soluciones informadas que consideran diversidad, contexto e impacto social.",p10_00.jpg
12,Talleres Verticales,,,Taller Internacional (Europa),Alejandra Celedón + Serena Dambrosio + Bernardita Croxatto + Pedro Silva,FAD1018,MA 14:30 - 18:45,@tallerinternacional_udp,"El Taller Internacional es una actividad conjunta de las tres Escuelas de la FaAAD, y se pregunta por tercera vez consecutiva sobre el problema del archivo. Es una oportunidad de experimentar un acercamiento interdisciplinar que aborda el viaje como modo de conocimiento en conjunto con instituciones y agentes relevantes internacionalmente. Desde los cruces entre Arte, Arquitectura y Diseño, el taller en sus versiones anteriores indagó en las principales preguntas en torno a archivar: la tensión entre pasado y futuro, vida y muerte, el problema de la clasificación del conocimiento inherente a la organización de una colección, la imposibilidad de archivarlo todo, las políticas de poder y exclusión inherentes, los objetos y sujetos del archivo, las técnicas, entre otros. En las crisis de futuro el estatus actual de los archivos es objeto de debate. ¿Qué guardamos, para qué, y en qué soportes? De papeles a semillas, desde objetos arqueológicos a colecciones de arte y diseño, de bits a genes, de bibliotecas a data-centers, el Taller Internacional de Arquitectura, Arte y Diseño trata el problema del archivo desde las máquinas, dispositivos y lenguajes, abordando ejemplos históricos y contemporáneos.",p12_00.jpg
13,Talleres Verticales,,,Taller local: Diseño de objetos,Rodrigo Bravo + Diego Gajardo,DIS8620,MA y VI 08:30 - 12:50,@_tallerlocal,"TDL pone su mirada en nuestro entorno más cercano y sus particularidades. Con mirada de futuro, recoge datos que informan cada proyecto desde la historia y fenomenología proveniente de nuestras culturas originarias, sus artefactos y tecnología. Esta vasta mirada a nuestro pasado nos permite plantear ideas de futuro, en donde el diseño se establece como un motor para el planteamiento de soluciones que mejoren la calidad de vida. A este concepto, en donde se mira hacia atrás para plantear lo que pasará en adelante, nosotros le llamamos “Futuro Primitivo”. También planteamos una comprensión de fenómenos relacionados con nuestra geografía, en donde los materiales, las especies que la habitan, factores climáticos y culturales asumen un rol central de investigación, que más tarde se materializan en proyectos de diseño. El trabajo empírico es un gran complemento, en donde alumnxs se vuelcan al trabajo material, descubriendo las vocaciones de cada materia, perfeccionando técnicas productivas, construyendo prototipos funcionales, que perfectamente podrían habitar nuestro contexto cotidiano. De esta manera nuestro taller vertical, complementa con eficiencia y balance la investigación, la experimentación e innovación material sumado al trabajo práctico, por lo que, de esta manera, se instala como un paso previo estratégico para el futuro desarrollo de proyectos de titulación al término de la carrera.",p13_00.jpg
14,Talleres Verticales,,,Taller Editorial Ilustrado Publicaciones Necesarias,Jennifer King,DIS8622,MA 14:30 - 18:45; VI 08:30 - 12:50,@taller_editorial_ilustrado,"Taller ""Publicaciones Necesarias"" El taller propone abordar un problema social en el que un elemento comunicativo pueda contribuir a su resolución. Se enfoca en publicaciones no tradicionales, ilustradas e innovadoras, desarrolladas mediante un enfoque colaborativo y una metodología ""embudo"". Es un espacio de aprendizaje exigente y enriquecedor que entregará como resultado una publicación real y gratuita. Este semestre contará con la participación de un profesor adjunto proveniente de la disciplina del periodismo, quien aportará un énfasis especial en la generación de contenido escrito y la experimentación de conjuntos mediáticos. Desafío Semestre 1_2026 El desafío de este semestre será continuar con la forma en que la Escuela de Diseño continúe sus próximos 30 años generando un registro sólido de su comunidad y el entorno. El esfuerzo busca corregir el vacío sistemático de registros y archivo del pasado Además del desconocimiento entre los componentes sociales que la integran: la comunidad académica, la estudiantil y todos los demás. Con periodicidad anual, se establecerá un ""modo comunicacional nuevo"", informal, distinto, concebido como una bitácora líquida del año anterior, –un anuario– siempre en evolución, que proyecte la identidad de la Escuela hacia el futuro de una manera contracultural e innovadora. Todo lo que te interesa podrá salir en la 081.",p14_00.jpg; p14_01.jpg
15,Talleres Verticales,,,Taller de Productos Sostenibles,Alejandra Ruiz + Felipe Sepúlveda,DIS8626,MA - VI 08:30 - 12:50,@estudiosterritorialesenmoda,"Taller de Productos Sostenibles propone abordar la materia más allá de su condición técnica o estandarizada, explorando su potencial activo y culturalmente situado. El curso invita a explorar materiales excluidos de los circuitos tradicionales de diseño y producción; residuales, subvalorados o desplazados, entendidos como materias capaces de transformarse y adquirir nuevos significados culturales, estéticos y de valor en el contexto latinoamericano del diseño. Desde esta aproximación, se promueve el diseño de objetos como dispositivos sensibles, críticos y situados. A través de un enfoque de diseño sostenible, el aula se concibe como un laboratorio de investigación, análisis de ciclo de vida y medición de impacto ambiental, orientado al desarrollo de procesos donde la materia guía el devenir proyectual. Inspirado en cruces entre diseño, ciencia, arte y pensamiento crítico, el curso fomenta un proceso de observación, análisis, conceptualización, experimentación y desarrollo objetual final. A través de un marco teórico sólido, ensayos materiales, exploraciones formales, narrativas visuales y prototipos finales, los estudiantes desarrollan microcolecciones de objetos de diseño en diversas escalas, desde piezas vinculadas al cuerpo hasta objetos que dialogan con el espacio habitable, concebidas con un alto valor conceptual, funcional y estético, considerando su potencial de circulación en contextos culturales, editoriales y de mercado. El taller aborda además la dirección de arte y la comunicación del producto, incorporando el desarrollo de una pieza audiovisual y un catálogo editorial que articulan relato, materialidad e intención, fortaleciendo la lectura autoral y crítica del estudiante.",p15_00.jpg
16,Talleres Verticales,,,Taller de Objetos y Espacios Museográficos,María de la Paz Faúndez + Aribel González,DIS8628,MA 14:30 - 18:45 -,@tpe.udp,"El Taller de Objetos y Espacios constituye una exploración profunda en la conceptualización, diseño, gestión y ejecución de exhibiciones en distintos espacios en Santiago. Fundado en tres pilares esenciales: investigación, prácticas curatoriales, y propuestas de puesta en valor expositivo, el taller busca proporcionar las herramientas y habilidades necesarias para concebir, desarrollar y presentar exposiciones significativas. Cuenta con un enfoque integral y colaborativo, desde el que se desarrollarán ejercicios basados en la utilización de diversos recursos espaciales, materiales, gráficos y audiovisuales, según los requerimientos del proyecto. En la práctica, el taller recibe un encargo externo para realizar la conceptualización, diseño, construcción y montaje de una exhibición real, lo que significa que el taller completo trabaja en el desarrollo de un proyecto profesional vinculado con el medio. Esto implica trabajar con un presupuesto y tiempo acotado, en un espacio real con ventajas y limitaciones, y en un contexto de trabajo que puede implicar varias instituciones asociadas. Durante el primer semestre de 2026 se trabajará en conjunto con la fundación Momento Ciudadano para el montaje de la exposición: De scouts, cristaleros y pingüinos: Participación infantojuvenil en el Chile del siglo XX (1907-2006), en el Museo de la Memoria, inaugurando la primera semana de julio de 2026.",p16_00.jpg; p16_01.jpg; p16_02.jpg; p16_03.jpg
17,Talleres Verticales,,,Taller de Indumentaria,M.Eugenia Ibarra + Paulina Romero,DIS8630,MA - VI 08:30 - 12:50,@taller,"El Taller de Indumentaria propone una exploración en profundidad del vestuario, los accesorios y los elementos que configuran un atuendo, entendido como un Sistema Comunicativo y un instrumento de construcción identitaria. Desde esta mirada, el vestir se aborda como lenguaje, objeto y práctica cultural. Para alcanzar los objetivos del curso, el taller entrega herramientas metodológicas y técnicas, promueve el desarrollo de habilidades disciplinares relevantes y fomenta el trabajo colaborativo en el aula. Estas instancias permiten conceptualizar, diseñar, construir y comunicar proyectos integrales, considerando las múltiples variables que intervienen en el diseño de indumentaria. La aproximación al medio se define desde una postura informada, crítica y reflexiva, en diálogo con el contexto contemporáneo, favoreciendo propuestas pertinentes y coherentes con el entorno social, cultural y productivo actual. Durante el taller se diseñarán familias de productos indumentarios, comprendidas como un Sistema Vestimentario que responde a necesidades reales y contingentes, preparando a los y las estudiantes para un escenario profesional dinámico y concreto. En esta etapa se simulará un contexto de trabajo profesional a partir de un encargo específico, impulsando la investigación de marca como punto de partida para la materialización de productos nuevos y diferenciados. En este proceso, conceptos como usuario, diseño diferenciado, análisis de la competencia y viabilidad productiva adquieren un rol central. Finalmente, el taller promueve la investigación material como estrategia de diferenciación, tensionando la relación entre lo artesanal y lo mecanizado, y priorizando técnicas sustentables y de bajo impacto ambiental. Esto conduce a la exploración de técnicas de estampación con bloques, que permiten producir telas por metraje o intervenir zonas específicas, aportando valor y singularidad al producto final.",p17_00.jpg; p17_01.jpg; p17_02.jpg; p17_03.jpg
18,Talleres Verticales,,,Taller de Branding: Productos y servicios,Manuel Córdova + Ariel Altamirano,DIS8634,MA - VI 08:30 - 12:50,@tiyda_udp,"Curso teórico práctico orientado al estudio y desarrollo de proyectos de diseño vinculados al branding y la identidad visual para contrapartes reales. La asignatura explorará metodologías, contenidos y ejercicios que acercarán a las y los estudiantes a un contexto disciplinar profesional a través de tres unidades temáticas: festivales, museos y ferias.",p18_00.jpg
19,Talleres Verticales,,,Taller de Prácticas Editoriales Expandidas (Taller invitado 1),Sebastián Barrante + Sebastián Arancibia,DIS8640,MA - VI 08:30 - 12:50,,"naranjapublicaciones.com/ editorialefimera.com/ Este taller es un espacio de investigación y creación editorial, enfocado en explorar las publicaciones de artista como fuente de estrategias conceptuales y herramientas materiales que permiten reflexionar sobre cuestiones fundamentales para el diseño. Entendidas como obras de arte autónomas, estas piezas actúan en un espacio interdisciplinar, permitiendo articular puentes entre el diseño, la edición y las artes visuales. A través del estudio teórico, análisis crítico y ejercicios prácticos vinculados a este tipo de obras artísticas, el curso entrega insumos sobre cómo las herramientas y lógicas propias de la “publicación como forma de arte” pueden ser desplazadas para pensar y resolver problemas planteados a partir de casos reales. ¿Puede una publicación ser a la vez una exposición de arte? Durante el primer semestre de 2026 reflexionaremos sobre los formatos y estrategias de registro documental en las artes visuales, preguntándonos por la sobrevivencia de las exhibiciones temporales posterior a su cierre. A través de la evaluación, valoración y cuestionamiento de metodologías utilizadas en casos reales pasados, obtendremos insumos para proyectar soluciones para dos exposiciones, a través de la experimentación de un proceso editorial completo que comprenderá desde la conceptualización hasta la producción, teniendo en cuenta variables como la viabilidad técnica y económica. Bajo la tipología de Publication as Exhibition utilizada por artistas conceptuales durante las décadas del 60 y 70, el encargo consistirá en desarrollar proyectos que permitan traducir y extender la vida de una muestra temporal posterior a su cierre, y a la vez, comportarse como obras autónomas.",p19_00.jpg
20,Talleres Verticales,,,Taller de Investigación y desarrollo material,Vicente Stephens + Margarita Talep,DIS8643,MA 14:30 - 18:45 -,@procesos.fabricacion.udp,"Este taller se distingue por su enfoque metodológico centrado en la exploración material y los procesos productivos. Busca cultivar la habilidad de los estudiantes para diseñar objetos y familias de muebles a través de una profunda inmersión en los procesos industriales y la experimentación con diversos materiales. Este enfoque integral fusiona la creatividad con la viabilidad práctica, preparando a los estudiantes para concebir soluciones innovadoras y funcionalmente sólidas. A lo largo del curso, se fomenta la unión entre la observación conceptual y la aplicación técnica, terminando el taller en la capacidad de concebir y materializar productos que reflejan una comprensión profunda de los procesos productivos y una sensibilidad de los materiales.",p20_00.jpg
21,Talleres Verticales,,,Taller de Diseño de Máquinas Electrónicas,Aarón Montoya + Matías Serrano,DIS8644,MA - VI 08:30 - 12:50,@teee.udp,"El taller de diseño de máquinas electrónicas es un espacio donde estudiaremos los rudimentos de circuitos eléctricos, y por medio de la aplicación de sensores y actuadores, seremos capaces de detectar, procesar y responder en base a fenómenos físicos, mecánicos y eléctricos. El taller usa metodologías prácticas donde nos aproximamos materialmente al trabajo con componentes electrónicos y el control de flujos electromagnéticos, para así poder diseñar dispositivos bajo el marco disciplinar del Diseño de Interacción. Desarrollaremos proyectos aplicados de diseño de máquinas e interfaces humano-computador (HCI), que puedan sintetizar y modular elementos de audio, iluminación, movimiento y señales electrónicas en general. Los productos de este curso son conducentes tanto a generar publicaciones académicas del ámbito de diseño de interacción y diseño de circuitos, como también la experimentación lúdica para proyectos colaborativos con el mundo profesional y artístico. ¡Únete para aprender en conjunto nuevas habilidades de diseño de interacción, prototipado de circuitos y dar vida a nuevas máquinas electrónicas!",p21_00.jpg
22,Talleres Verticales,,,Taller interdisciplinario de diseño aplicado al entorno (Taller Invitado 2),Roberto Herrera + Sebastián Rodríguez,DIS8651,MA 14:30 - 18:45 - VI 08:30 - 12:50,,"Este taller propone una aproximación multidisciplinaria al diseño, integrando las diversas disciplinas del diseño en el desarrollo de productos y sistemas capaces de sensar y comunicar variables del entorno, en el marco de la ciencia ciudadana y la ciencia abierta. El curso se inicia con la detección de oportunidades o problemáticas mediante investigación de escritorio y de campo, permitiendo comprender el contexto, los usuarios y el entorno, y delimitar una metodología de proyecto que considere su factibilidad técnica y viabilidad de uso. A partir de ello, los estudiantes desarrollarán propuestas que integren arquitectura de producto, materialidad, experiencia de uso y comunicación visual, traduciendo datos ambientales en información clara, accesible y significativa. El taller avanza desde prototipos básicos en materiales simples y textiles hacia sistemas más integrados, promoviendo soluciones de diseño replicables que articulen objeto, cuerpo, entorno y comunicación, y posicionen al diseño como mediador entre fenómenos ambientales y conocimiento compartido.",p22_00.jpg; p22_01.jpg; p22_02.jpg
23,Talleres Verticales,,,Taller de Visualización experimental de datos,Sergio Mora-Díaz + Joaquín González,DIS8652,MA 14:30 - 18:45 -,@tallerdataudp,"La producción y la visualización de datos han tenido en las últimas décadas un crecimiento exponencial de la mano del desarrollo de herramientas digitales, convirtiéndose en una vía relevante para comprender temas complejos y presentarlos en diversos formatos. Este fenómeno ha tenido un impacto significativo en diversas áreas de producción vinculadas al diseño y el arte, cambiando progresivamente la forma en que pensamos, percibimos y sentimos los fenómenos que ocurren a escala local y global. Este taller ofrece la oportunidad de explorar el uso de datos como una herramienta de diseño. Mediante un enfoque teórico-práctico basado en la investigación y el desarrollo de prototipos, los estudiantes diseñan sistemas para la recolección, procesamiento y transferencia de datos sobre fenómenos contemporáneos relevantes. Esto permitirá la creación de dispositivos y experiencias que abstraen, cuestionan y comunican información para distintas audiencias y aplicaciones, integrando herramientas gráficas, materiales e interactivas. De esta manera, se busca que los estudiantes transformen los datos en experiencias significativas, promoviendo nuevas formas de comunicación y reflexión a través del diseño.",p23_00.jpg; p23_01.jpg
25,Cursos de Profundización,,,Diseño escénico,Loreto Martínez,DIS9025,LU 10:00 - 12:50,,"Curso electivo teórico-práctico que permite adquirir, aplicar e integrar conocimientos y técnicas de diseño escénico a nivel introductorio. El diseño escénico es la disciplina encargada de proyectar y concretar el despliegue material de cualquier espectáculo en vivo (teatro, danza, circo, concierto, ópera, performance, etc); integrando vestuario, maquillaje, máscaras, peluquería, tocados, escenografía, utilerías, marionetas, iluminación y audiovisuales. Así, el curso se propone potenciar de manera transversal la dimensión autoral, la expresividad material, el estudio de la funcionalidad, la potencia artística y la integración del diseño, enfatizando la comprensión del cuerpo como protagonista de la experiencia escénica. En lo metodológico, combina clases teóricas y trabajo de taller individual y colectivo, complejizando sistemáticamente los conocimientos para llegar al desarrollo de una propuesta integral de diseño escénico (diseño de personajes, espacialidad, objetos e iluminación) inspirada en un texto dramatúrgico contemporáneo. Crédito fotografía: Obra de teatro ""Callas, la hija del destino"". Diseño integral: Loreto Martínez Labarca. Fotografía de Francisco Melo. Teatro Municipal de Santiago, 2023.",p25_00.jpg
26,Cursos de Profundización,,,Introducción a la ciencia biomaterial,Margarita Talep,DIS9032,LU 14:30 - 17:20,,"El curso busca entregar conocimientos básicos sobre ciencia de materiales aplicada a biomateriales. El área de desarrollo Biomaterial se inserta en la disciplina del Biodiseño, el cual busca generar soluciones con, desde y para organismos vivos, lo que requiere un conocimiento exhaustivo y una observación constante con respecto a nuestro entorno y los sistemas complejos y vivos que él mismo alberga. En la disciplina, se generan conexiones entre biología, ciencia y tecnología asociadas a un territorio en particular. La metodología de trabajo consiste en el diseño de nuevas materialidades con origen biológico (algas, plantas, desechos de materia verde o café, entre otros), dando especial énfasis en lo observativo, especulativo, iterativo y el registro riguroso que compone todo el proceso de diseño de un nuevo material. Entregando herramientas que ayuden a conducir una experimentación desde el propio interés del estudiante. La dinámica considera clases expositivas teórico-prácticas, discusión bibliográfica, estudio de referentes y reflexiones sobre la materia.",p26_00.jpg
27,Cursos de Profundización,,,Narrativas visuales e inteligencia artificial,Manuel Córdova,DIS9033,Sección 1: LU 10:00 - 12:50,@nvia_udp,"Curso de carácter teórico-práctico orientado al estudio y desarrollo de proyectos de creación de narrativas visuales a través de herramientas de Inteligencia Artificial. La asignatura explora las posibilidades que ofrece la articulación responsable de textos descriptivos e instrucciones para plataformas de generación de imágenes. El curso contempla tres unidades temáticas: Narrativa, gramática y sintaxis de la imagen generativa; Tipologías de imágenes IA: librerías y estilos; Narrativas complejas: storytelling, diseño de secuencias y sistemas.",p27_00.jpg; p27_01.jpg
28,Cursos de Profundización,,,Animación digital experimental,Valentina Vega,DIS9037,MI 11:30 - 14:20,@animacion_digital_udp,"Este curso está enfocado en el aprendizaje y exploración de diferentes técnicas de animación digital aplicadas a formatos no convencionales de video a través de una fuerte vinculación musical. Los estudiantes aprenderán a generar contenido visual en tiempo real, utilizar herramientas y estrategias para conectar imagen y sonido, y aplicar principios de audioreactividad. El programa profundiza en el desarrollo de habilidades técnicas en After Effects y el uso de software para VJ como Resolume Arena. Además, se explorarán formatos no convencionales, como el videomapping, pantallas LED y configuraciones multiscreen, y se abordará el concepto de la imagen como fuente lumínica, destacando su potencial como herramienta comunicacional. Al final de este curso los estudiantes tendrán un manejo avanzado de la relación simbiótica entre la imagen y el sonido a través del uso del ritmo, la narrativa, el color, la iluminación y la espacialidad de una pieza en movimiento.",p28_00.jpg; p28_01.jpg
29,Cursos de Profundización,,,Fabricación digital avanzada,Alexander Bustamante,DIS9039,MI 14:30 - 17:20,,"Este curso ofrece a los participantes una comprensión profunda de las tecnologías emergentes y procesos avanzados en la fabricación digital. A través de una combinación de teoría y práctica, los estudiantes adquirirán habilidades en diseño asistido por computadora (CAD), explorarán tecnologías como la impresión 3D y la fabricación aditiva, y aprenderán a integrar estas innovaciones en procesos de producción existentes. El curso incluye la aplicación práctica de herramientas de simulación y prototipado rápido, análisis de estudios de casos, y la colaboración en proyectos prácticos para aplicar los conocimientos adquiridos. El objetivo es preparar a los participantes para destacar en un entorno industrial cada vez más digital y tecnológico.",p29_00.jpg; p29_01.jpg; p29_02.jpg; p29_03.jpg
30,Cursos de Profundización,,,Color: manejo y aplicación en diseño,Benjamín Müller,DIS9040,VI 14:30 - 17:20,,"Curso focalizado en el reconocimiento del fenómeno del color, desde la observación a la práctica del diseño. A través de ejercicios gráficos, este curso propone la adquisición de una metodología -paso a paso- para la aplicación profesional del color, desde la necesidad de diseño y la conceptualización, hasta su evaluación en el producto final. Basado en la observación y el uso de herramientas tecnológicas, los estudiantes serán capaces de elegir un plan de color para un proyecto, justificando su decisión, proponiendo paletas cromáticas originales y valorando el color como uno de los principales recursos de la comunicación visual, el diseño de objetos y espacios. El foco del curso está en desarrollar y poner en práctica la sensibilidad visual del estudiante a través de la experiencia, mediante un proceso de exploración, comparación y reflexión.",p30_00.jpg
31,Cursos de Profundización,,,Publicación editorial y libro de artista,Sebastián Barrante,DIS9044,MI 14:30 - 17:20,@losotroslibros_udp,"Curso que explora las complejidades conceptuales, históricas y materiales en torno a las publicaciones de artista, reconociéndolas como obras artísticas en las que se tensionan conceptos como publicación, libro, autoría y formas de lectura. El estudio de estas tensiones conceptuales permitirá a les estudiantes enriquecer su léxico visual y dar sustancia a sus procesos de desarrollo de obras de diseño. El curso contempla el estudio de definiciones y referentes históricos a nivel nacional e internacional, para luego profundizar problemas conceptuales y de categorización a través de la revisión de obras editoriales y el estudio de casos. De este modo, se mezclará el análisis de obras de distinta índole con el fin de proporcionar una muestra polifónica de referencias. Las clases están compuestas por sesiones expositivas, ejercicios prácticos y salidas a terreno. Les alumnes acompañarán sus procesos con la construcción de una publicación colaborativa que será desarrollada de forma conjunta durante el semestre.",p31_00.jpg
32,Cursos de Profundización,,,Diseño de información,Juan Pablo Bravo,DIS9052,Sección 1: JU 11:30 - 14:20,,"Horario Sección 1: JU 11:30 - 14:20 Sección 2: JU 8:30 - 11:20 Curso teórico-práctico orientado al estudio, desarrollo y producción de diseño de información. A partir de dinámicas expositivas, análisis de casos, discusiones temáticas y el desarrollo de trabajos prácticos, los estudiantes deberán ser capaces de sintetizar, conceptualizar, representar y comunicar visualmente información de diversa índole a través del lenguaje infográfico en sus diferentes soportes y formatos. El curso profundiza en el uso de recursos y herramientas que nos ayudan a desarrollar una publicación específica (jerarquía, composición, diagramación, el uso de ilustraciones, paletas cromáticas, tipografías) junto con elementos infográficos como mapas, gráficos estadísticos, esquemas y diagramas. El sobre consumo de información y los avances tecnológicos requieren nuevas formas de comunicar información. El lenguaje infográfico tiene como objetivo llegar al lector de una forma clara, directa y precisa, que a través de estrategias específicas de trabajo con la información es además didáctica, dinámica y atractiva. Los estudiantes trabajarán la construcción y diseño de piezas de información visual desde la investigación, el análisis de la información, la esquematización y finalmente la presentación gráfica (visualización). El objetivo es que dominen las herramientas conceptuales, tecnológicas y prácticas de la disciplina, con un pensamiento analítico y crítico, junto con proponer soluciones creativas a problemas específicos de diseño y comunicación.",p32_00.jpg
33,Cursos de Profundización,,,Exploración y fabricación en la industria nacional,Carolina Kusanovich,DIS9075,JU 11:30 - 14:20,@exploracionindustrianacional,"El curso tiene como objetivo ofrecer experiencias y conocimientos prácticos sobre la industria nacional chilena, con un enfoque central en visitas a fábricas de distintos sectores, como textiles, mecánicas, alimentarias, imprentas etc., teniendo énfasis en distintos rubros. Estas actividades en terreno permiten a los y las estudiantes comprender directamente los procesos productivos, hablar con los equipos, y observar cómo funcionan las empresas, sus tiempos, operaciones, envergadura, problemáticas, proyecciones y ver su variación, dependiendo de su rubro, tamaño de empresa etc. Fortaleciendo su vinculación con el medio y promoviendo un entendimiento de las marcas y empresas nacionales. Visitaremos cinco o seis fábricas durante el semestre, realizando dos casos de estudio, en base a las visitas. Trabajando un diseño, propuesta directa. Complementado con clases expositivas, análisis bibliográficos, propuesta en base a lo observado e investigado y reflexiones críticas, el curso integra la teoría en forma práctica para desarrollar una visión contextualizada y aplicada de la industria.",p33_00.jpg
34,Cursos de Profundización,,,Patrones: Transformación y experimentación I,Nicole Farfán,DIS9078,JU 11:30 - 14:20,@nicodis_eno,"Este curso está orientado a estudiantes que requieren reforzar y consolidar los fundamentos del patronaje, abordando la transformación de patrones base mediante ejercicios guiados y metodologías progresivas. El objetivo del curso es que las y los estudiantes comprendan la lógica constructiva del patrón, su relación con el cuerpo y el comportamiento del textil, desarrollando seguridad en el proceso de diseño a partir de estructuras ya definidas. A través de transformaciones controladas, realizadas sobre patrones entregados por la asignatura, se promueve una aproximación práctica y comprensible al patronaje como herramienta técnica y creativa. Al finalizar el curso, se espera que las y los estudiantes hayan fortalecido su comprensión del patrón base, adquirido mayor claridad en los procesos de transformación y desarrollado habilidades para aplicar modificaciones de forma ordenada y consciente. El desarrollo del taller se estructura a partir del trabajo directo sobre patrones base de prendas fundamentales del vestuario —camisa, falda y pantalón— entregados por la asignatura. A partir de estos, las y los estudiantes realizarán transformaciones guiadas, explorando variaciones formales y estructurales mediante ejercicios prácticos a escala 1:2, lo que permitirá comprender proporciones, volúmenes y relaciones constructivas de manera gradual. En este proceso, se incorporará el escalado de tallas como herramienta clave para entender la adaptación del patrón a distintas morfologías. Los ejercicios se desarrollarán principalmente en plano, complementados con análisis visual y pruebas de montaje a pequeña escala, con el objetivo de consolidar la lectura del patrón, la toma de decisiones técnicas y la correcta aplicación de transformaciones básicas en el diseño de indumentaria.",p34_00.jpg
35,Cursos de Profundización,,,Interacciones inalámbricas,Aarón Montoya,DIS9079,LU 14:30 - 17:20,@lid.udp,"Este nuevo curso de profundización introduce de forma teórica y práctica tecnologías inalámbricas como Wi-Fi, Bluetooth, RFID, entre otros. Estos protocolos pueden ser utilizados para crear experiencias interactivas, objetos conectados y sistemas sensibles al contexto. Comprenderemos las lógicas, posibilidades y limitaciones de la programación orientada a interacciones inalámbricas, y cómo incluirlas a nuestros procesos de diseño. Durante el curso desarrollaremos proyectos que combinan programación, electrónica básica y pensamiento de diseño, reflexionando críticamente sobre temas como la invisibilidad de las infraestructuras, la comunicación entre objetos, la privacidad y el comportamiento de los sistemas conectados. El curso fomenta la experimentación, el prototipado y el trabajo colaborativo, posicionando las interacciones inalámbricas no solo como herramientas técnicas, sino como un medio expresivo y conceptual para el diseño de interacción y de interfaces humano-computador.",p35_00.jpg
36,Cursos de Profundización,,,Cerámica experimental Profesor Rodrigo Córdova,Código: DIS9080,DIS9080,MI 11:30 - 14:20,@galeria.biophiliaceramicas,"La cerámica es un material usado en diferentes objetos de uso cotidiano, ornamentales y escultóricos, convirtiéndose en un material versátil que abarca diferentes áreas creativas. En este curso se abordarán técnicas básicas de construcción, experimentando en tratamientos superficiales, texturizados y técnicas de acabado. Aprenderán a trabajar el color mediante pigmentos, engobes y esmaltes realizando trabajos prácticos en el taller, además de una revisión teórica de referencias tradicionales y contemporáneas que se complementarán con visitas a terreno a la primera galería de arte y diseño del país dedicada exclusivamente a la cerámica contemporánea. Orientado a la producción de piezas a baja escala, este curso entregará conocimientos técnicos básicos para el desarrollo de un proyecto de diseño cerámico.",p36_00.jpg
37,Cursos de Profundización,,,Diseño Textil de Punto Contemporáneo,Felipe Sepúlveda,DIS9081,MI 11:30 - 14:20,@misterwool,"Curso de especialización que aborda el diseño de punto como un campo de experimentación conceptual y material para el desarrollo de objetos indumentarios y superficies textiles tejidas en el contexto contemporáneo. El curso propone comprender el tejido de punto como un lenguaje activo, operativo a distintas escalas, capaz de establecer relaciones entre objeto, espacio y cuerpo. Se trabajará el desarrollo de estructuras y acabados mediante un muestrario completo y extenso de puntos y técnicas de complejidad progresiva, utilizando dos agujas, crochet y máquina rectilínea de tejido de punto. Este proceso permitirá explorar las posibilidades desde configuraciones simples hasta propuestas de mayor complejidad formal, entendiendo el tejido como un sistema flexible y adaptable a diversos intereses de diseño. El énfasis se sitúa en el diseño de punto como un campo que articula tradición y experimentación contemporánea, fortaleciendo la comprensión del patronaje y la construcción de piezas físicas, con el fin de ampliar el uso del textil de punto como lenguaje estructural. Dirigido a estudiantes interesadas(os) en comprender distintos usos de las hilaturas, adquirir técnicas convencionales y reinterpretarlas para construcciones y proyectos, el curso busca fortalecer el tejido de punto como una práctica relevante dentro del diseño y la formación disciplinar. * No se requieren conocimientos previos de tejido.",p37_00.jpg
39,Prácticas Electivas,,,Mapeo Tipográfico Laboratorio OTF (Oficina Tipográfica FaAAD),Guisela Mendoza,FAD9100,por deﬁnir; a convenir según la disponibilidad del o la,@mail.udp.cl,"La Práctica Electiva de Continuidad Laboratorio OTF se enmarca en el proyecto de investigación y archivo denominado “Mapeo Tipográfico” y sitúa a las y los estudiantes en el cruce de la investigación académica, la gestión de archivo digital y la producción tipográfica. La PE, además, integra la coordinación y ejecución de la parrilla anual de actividades del lab. (workshop de letterpress, inducciones, charlas de invitados, etc.) A través de un enfoque metodológico, el curso desarrolla habilidades en la clasificación, validación y organización de información tipográfica, generando insumos para la cartografía y el análisis del ecosistema de diseño nacional. El programa se estructura en una triple dimensión: investigativa (Mapeo Tipográfico), impresión análoga (exploración material a través de la impresión en tipos móviles) y producción digital (diseño gráfico para divulgación), lo que amplía el alcance formativo del Laboratorio OTF hacia la generación de expertise disciplinar con potencial directo para el desarrollo de proyectos de título. Modalidad: Presencial con reuniones semanales, horario a convenir según la disponibilidad del o la postulante. Requisitos: Estudiantes de diseño desde 3er año Interés por la disciplina tipográfica, el letterpress y la investigación Envío de CV y portafolio al correo del lab.OTF Asunto: Práctica Electiva 2026_1 Entrevista personal vía Zoom o presencial (a coordinar por correo)",p39_00.jpg; p39_01.jpg
40,Prácticas Electivas,,,Centro Editorial FaAAD UDP,Antonieta López Aravena,FAD9100,por deﬁnir,@udp.cl,"La práctica electiva colaborará de manera activa y protagónica en el proceso de diseño de la Revista 180 de la Facultad de Arquitectura, Arte y Diseño, y la Revista Trama de la Escuela de Diseño. Los estudiantes desempeñarán el rol de Asistentes de Diagramación en la Revista 180, y de Asistentes de Diagramación y Producción en la Revista Trama. En ambas publicaciones, abordaremos el diseño editorial, poniendo en práctica las bases teórico-prácticas de la micro y macrotipografía, así como el diseño de revistas. Además, las y los estudiantes se sumergirán en conocimientos avanzados del software InDesign, enfocándose en diagramación, estilos tipográficos, composición y originales de imprenta. Además, en la Revista Trama, los estudiantes conocerán todo el proceso de producción, aprendiendo a imprimir, encuadernar y guillotinar. Estudiaremos los materiales y sus posibilidades, métodos de impresión y técnicas de encuadernación, para dar forma a una publicación experimental. Requisitos: ● Mención gráfica ● Manejo de InDesign ● Aprobación en los cursos de Micro y Macrotipografía y Diseño Editorial ● Interés en Diseño editorial",p40_00.jpg; p40_01.jpg
41,Prácticas Electivas,,,Laboratorio 360,Angello García Bassi,FAD9100,por deﬁnir,@udp.cl,"La Práctica Electiva del Lab360 es una instancia formativa orientada a estudiantes de Diseño Gráfico e Industrial que buscan una experiencia práctica, colaborativa y situada, vinculada a la producción real, la experimentación material y la gestión de proyectos de diseño. Desarrollada en el Laboratorio 360 de la Escuela de Diseño UDP, esta práctica integra procesos creativos, técnicos y estratégicos en un entorno activo de trabajo, articulado con cursos, proyectos institucionales y colaboraciones externas. Durante la práctica, las y los estudiantes participan en la creación de material gráfico, editorial y promocional, así como en la gestión y producción de impresiones mediante sistemas alternativos —con especial énfasis en la risografía—, documentación de procesos, difusión de actividades y apoyo a iniciativas de admisión, extensión y vinculación con el medio. La modalidad es presencial, incorporando trabajo en equipo, reuniones, producción en taller y salidas a terreno, promoviendo el aprendizaje desde la experiencia directa. Requisitos: ● Cursar desde 3er Año Diseño ● Manejo de Ai, Ps, Id ● Interés en Diseño editorial, Ilustración, Motion Graphic, Animación",p41_00.jpg
42,Prácticas Electivas,,,Laboratorio de Experimentación Material - Diseño de propuesta gráfica y espacial,Sebastián Rodríguez,FAD9100,por deﬁnir,@mail.udp.cl,"La práctica electiva tiene como objetivo integrar a estudiantes de Diseño en el desarrollo de una propuesta espacial y gráfica para un espacio de experimentación material y biomaterial. Este es un espacio dedicado a la investigación, experimentación y producción de biomateriales, (experimentación material) abordados desde las diferentes perspectivas que integran el Diseño. El propósito principal es optimizar la funcionalidad del espacio, la experiencia de los usuarios y la comunicación visual, asegurando que estos aspectos se encuentren alineados con los valores de sostenibilidad, innovación abierta y colaboración transdisciplinaria. A través del enfoque proyectual del diseño, los estudiantes podrán proponer mejoras tanto espaciales como comunicacionales, al mismo tiempo que participan activamente en un entorno que fomenta la experimentación material y el aprendizaje práctico. La iniciativa busca fortalecer la relación entre la práctica académica y la investigación aplicada, promoviendo la innovación material y la sostenibilidad en los procesos creativos, incorporando nuevas prácticas y procesos productivos. Modalidad: Presencial con reuniones semanales Requisitos: Manejo de herramientas digitales (adobe, rhinoceros,fusion) Contar con experiencia en Fabricación Digital Interes en el área de biomateriales, interés en el diseño grafico y/o industrial.",p42_00.jpg; p42_01.jpg; p42_02.jpg
43,Prácticas Electivas,,,Coordinación Posicionamiento estratégico escuela de Diseño,Simón Gallardo,FAD9100,ﬂexible,@udp.cl,"PASC: Sistema de Comunicación Sistematizado y Automatización de Procesos Descripción de la Labor: El proyecto consiste en el diseño e implementación de una estrategia de comunicación multicanal orientada al posicionamiento de la Escuela en el entorno local e internacional. Perfil del Estudiante y Competencias Esperadas: Buscamos estudiantes con un marcado interés por la comunicación estratégica y el posicionamiento institucional. Los interesados deben poseer habilidades o facilidad de aprendizaje en las siguientes áreas técnicas: ● Producción Audiovisual y Fotografía: Para la creación de contenido de alto impacto visual. ● Animación Digital: Para dinamizar la entrega de información en plataformas digitales. ● Automatización de Procesos: Para el diseño de flujos de trabajo eficientes dentro de la plataforma tecnológica. Dimensión Formativa y Experiencia Real: Los estudiantes se integrarán en tareas sustantivas de nivel profesional, incluyendo reuniones estratégicas, planificación táctica y toma de decisiones. Condiciones Administrativas: ● Dedicación: 6 a 8 horas semanales. ● Metodología: Acompañamiento sistemático mediante tutorías y reuniones semanales. ● Evaluación: Formativa y sumativa, basada en un portafolio de evidencias y rúbrica de desempeño profesional.",p43_00.jpg; p43_01.jpg; p43_02.jpg; p43_03.jpg; p43_04.jpg; p43_05.jpg
44,Prácticas Electivas,,,"LID-UDP Laboratorio Interdisciplinario de Interacción Digital: Investigación aplicada en experiencias inmersivas, sistemas interactivos y visualización de datos.",Joaquín González + Aarón + Montoya-Moraga,PRI0001 sección 3,por deﬁnir,@mail.udp.cl,"La práctica electiva del Laboratorio de Interacción Digital (LID) tiene como propósito incorporar a estudiantes de Diseño en proyectos aplicados de investigación, desarrollo y producción ligados a tecnologías interactivas. Durante su participación, los estudiantes contribuirán activamente en el diseño, prototipado, fabricación y documentación de productos electrónicos y sistemas interactivos. La creación y mantenimiento de contenidos didácticos para la plataforma web del laboratorio, incluyendo manuales, protocolos técnicos y documentación multimedia para el correcto uso de máquinas, herramientas e insumos del laboratorio y formarán parte de la organización de encuentros tecnológicos como Arduino Day y Processing Community Day. Además, tendrán la oportunidad de aprender herramientas de desarrollo web, scripting y fundamentos de interacción digital aplicados a experiencias físicas y digitales. Esta experiencia busca conectar el quehacer académico con la investigación aplicada y el desarrollo experimental, promoviendo la innovación tecnológica, el diseño centrado en la interacción y la creación colaborativa. Modalidad: Presencial con reuniones semanales. Requisitos: 6° semestre en adelante. Conocimientos básicos en herramientas digitales (Arduino, P5). Interés en tecnologías interactivas, diseño electrónico, desarrollo web y experimentación física-digital.",p44_00.jpg; p44_01.jpg; p44_02.jpg; p44_03.jpg
45,Prácticas Electivas,,,Narrativas multimodales: trayectos y trayectorias del habitar,Joaquín Béjares Henry + Viviana Flores Marín + Elizabeth + Wagemann Farfán.,PRI0001 sección 6,por deﬁnir,@mail.udp.cl,"Esta práctica tiene como objetivo implementar un proceso interdisciplinario para analizar el habitar doméstico desde el diseño, la arquitectura y el periodismo. Busca desarrollar herramientas de investigación que integren tecnologías emergentes, representaciones avanzadas, infografías y producciones audiovisuales para comprender y comunicar las dimensiones culturales, sociales y espaciales del habitar a partir del análisis de las trayectorias habitacionales y de vida. Se investigará el espacio domiciliario desde las narrativas y experiencias humanas a través del periodismo, integrando métodos de levantamiento, investigación de archivos familiares y personales, el registro y análisis espacial desde la arquitectura, y desde las técnicas de diseño enfocadas en la metodología de investigación visual y digital. Se utilizarán herramientas multimodales como registro audiovisual, mapeo, maquetas, infografías estáticas y dinámicas, y plataformas digitales colaborativas para abordar complejamente los espacios cotidianos y domiciliarios. Los/las estudiantes participarán en la investigación y creación de prototipos interdisciplinarios y dossiers que integran elementos narrativos, visuales y espaciales, fortaleciendo competencias en tecnologías digitales, comunicación multimedia y trabajo colaborativo. Este proyecto es una iniciativa conjunta entre tres laboratorios de la universidad: Laboratorio Digital de la Facultad de Comunicación y Letras, el Laboratorio Ciudad y Territorio (LCT), y el Laboratorio de Innovación y Creación (LINC) de la FAAD. Modalidad: Presencial con reuniones semanales. Requisitos: Interés en trabajo interdisciplinario. Conocimientos básicos en herramientas digitales.",p45_00.jpg; p45_01.jpg; p45_02.jpg; p45_03.jpg
46,Prácticas Electivas,,,Agencia Piso 1,Claudio Carvajal,PRI0001 sección 9,ﬂexible,@udp.cl,"Testimonio de Cony (diseño) • Diseñarás campañas reales para organizaciones • Crearás contenido, coordinarás proyectos, analizarás datos y presentarás propuestas profesionales • Vivirás la interdisciplina con al menos 3 miradas distintas • Trabajarás con proyectos reales Trabajamos con apoyo de la Asociación de Emprendedores de Chile y un Club Deportivo, en formato flexible, con reuniones presenciales y seguimiento online, por lo cual el lugar no será un problema. Este semestre, proponemos algunos proyectos, aunque puede haber muchos más. Los que involucran a empresas reales buscan generar soluciones de comunicación estratégica y publicitaria a 3 proyectos reales. A estos proyectos se anexan quehaceres propios de una empresa publicitaria como su autopromoción, implementación de iniciativas asociadas al cliente interno UDP, entre otras. Quienes pueden participar: estudiantes de Periodismo, Diseño, Ingeniería en Control de Gestión, Ingeniería Comercial y Publicidad. Requisitos: Estar en 6° semestre o más, haber aprobado los cursos claves de tu carrera, y tener el máximo compromiso con el desarrollo de proyectos reales. Más información con claudio.carvajal@udp.cl. Fecha límite de postulación: 13 de enero de 2026. Los resultados se entregarán el 20 de enero de 2026. BENEFICIO: la nota de la práctica electiva reemplaza a un optativo de carrera. CUPOS LIMITADOS",p46_00.jpg
48,Cursos de Especialización,,,Visualización de datos,Jenny Abud,DIS8900,LU 10:00 - 12:50,@vis_datosudp,"Curso teórico práctico que tiene como objetivo el aprendizaje de datos como forma de información en el contexto disciplinar, a partir de herramientas gráficas y de conteo. Estudiantes al finalizar el curso podrán realizar proyectos de visualización de datos desde las cifras, comunicando visualmente desde una manera clara y creativa en espacios físicos. El foco del curso estará dado por el levantamiento de datos desde la construcción colectiva y territorial barrial. A partir de dinámicas expositivas, estudios de casos, discusiones temáticas y el desarrollo de ejercicios, estudiantes de este curso deberán ser capaces de conocer y dominar metodologías fundamentales de levantamiento de datos y luego visualización en contextos de diseño en Comunicación visual. Esta asignatura profundiza en el uso de recursos y herramientas como el uso tipográfico, arquitectura de la información y representaciones visuales abstractas. Las unidades de aprendizaje son: Datos cotidianos y su impacto en la sociedad, Levantamiento y visualización de datos y Mapeos colectivos en territorio Barrial. Al finalizar el examen aborda una instalación en el barrio para recopilar datos y luego analizarlos a partir de la entrega de un ensayo. Las dinámicas son individuales y grupales (máximo 2 estudiantes). Este curso está diseñado para ser desarrollado paralelo a Seminario como aporte a su avance, siendo los temas de investigación protagónicos para ser utilizados en el curso.",p48_00.jpg; p48_01.jpg; p48_02.jpg
49,Cursos de Especialización,,,Escenarios futuros y métodos de innovación,Florencia Adriasola,DIS8910,JU 14:30 - 17:20,@escenarios_futuros_innova_udp,"Curso abierto a todas las menciones. Este curso tiene como finalidad que los estudiantes aprendan a levantar escenarios futuros para que puedan identificar en ellos oportunidades emergentes. Además, los estudiantes analizan las posibles implicancias que estos cambios podrían tener para sus habitantes, así como las actitudes que estos podrían adoptar. Bajo estos aprendizajes, los estudiantes reflexionan sobre los cambios que se avecinan y con ello, generan propuestas innovadoras que contribuyan al desarrollo de escenarios deseados. El programa enseña a pensar los cambios y las incertidumbres futuras como oportunidades y no amenazas para la disciplina. Asimismo, potencia el pensamiento sistémico, estratégico y crítico, así como la lectura, planificación y flexibilidad profesional. La metodología utiliza herramientas de revisión cuantitativa y cualitativa para el estudio del futuro, que son aplicadas a ejercicios prácticos y de visualización para la reflexión prospectiva. Al finalizar el curso, el estudiante contará con herramientas para levantar escenarios futuros, lo que le ayudará a pensar en sus transformaciones y visualizaciones para crear propuestas significativas, adquiriendo también habilidades que le permitirán introducirse en áreas que van más allá de la disciplina.",p49_00.jpg
50,Cursos de Especialización,,,Formulación de proyectos,Héctor Novoa,DIS8925,LU 10:00 - 12:50,,"El curso entrega las nociones fundamentales para la correcta elaboración de un proyecto de creación en diseño, artístico, comunitario o educativo. Considerando, diferentes instancias en el ámbito estatal, institucional y privado. A su vez, introduce definiciones y conceptos esenciales para transitar de la idea al proyecto desde los enfoques de la gestión y el financiamiento. Objetivos específicos: - Comprender y aplicar el lenguaje de la gestión con el fin de elaborar correctamente las bases de un proyecto. - Conocer las distintas instancias en el mundo estatal, institucional y privado, que articulan plataformas y convocatorias para financiar diferentes proyectos. - Elaborar un proyecto tipo que aplique lo estudiado, considerando como referente la plataforma del ministerio de las culturas, las artes y patrimonio. - Diseñar un plan de presupuesto acorde a los valores de mercado, considerando los montos, los tipos de formatos de presentación de estos y el correcto cálculo para su posible desarrollo, según el mercado. - Concluir, con un proyecto elaborado, con sus aspectos técnicos y currículo o dossier, según sea el caso. Junto con el desarrollo clases lectivas y actividades prácticas en clases, el curso considera las siguientes estrategias de enseñanza-aprendizaje: - Aprendizaje basado en proyectos (ABP). - Discusión de casos de estudios. - Charlas de invitados. - Discusión de lecturas seleccionadas.",p50_00.jpg; p50_01.jpg
51,Cursos de Especialización,,,Pedagogías y diseño,Víctor Rocha,DIS8940,MA 10AM - 12:50PM,,"En este curso se problematizarán las distintas relaciones existentes entre los discursos y las prácticas pedagógicas con el campo del diseño, de la cultura visual y material de la educación desde una perspectiva situada como reflexiva. A partir de un posicionamientos como los estudios culturales, los feminismos-lo queer y las pedagogías postcríticas, se busca entregar herramientas metodológicas para generar agendas investigativas y propuestas de innovación desde el diseño. Por lo tanto, este curso teórico- práctico se organizará en torno a los siguientes ejes que serán abordados a lo largo del curso de manera modular e interdisciplinario: genealogías de lo pedagógico; gramáticas de lo educativo y la escuela; pedagogías de los cuerpos y las subjetividades.",p51_00.jpg
52,Cursos de Especialización,,,Textil como sistema discursivo,Jimena Villaseca Silva,DIS8946,VI 10:00 - 12:50,,"Asignatura teórica–investigativa orientada a estudiar el diseño textil e indumentaria desde un enfoque crítico y contemporáneo, integrando perspectivas de sostenibilidad, reparación, durabilidad y circularidad. El medio textil se visualiza como un discurso material, capaz de articular dimensiones técnicas, históricas, culturales y medioambientales, y como un soporte que registra decisiones de diseño, procesos productivos, prácticas de uso y posibilidades de transformación. La primera etapa consiste en identificar las problemáticas del medio a nivel productivo, tecnológico y social tanto en lo local como en el entorno global. El proceso continúa con la construcción de un portafolio de investigación textil, que integra reflexión teórica, análisis estructural, estudio de casos, documentación visual y una propuesta final fundamentada que articula criterios de diseño responsable, durabilidad y sostenibilidad. El curso promueve: El análisis y resolución de problemas de diseño textil mediante metodologías investigativas y criterios sustentables. L a observación, documentación y comprensión de materialidades textiles y su relación con contextos culturales y de uso. Planificación y evaluación de procesos proyectuales incorporando parámetros de sostenibilidad, durabilidad y circularidad. Utilización de herramientas de análisis y comunicación disciplinar mediante la construcción de portafolios de investigación y argumentación escrita/visual.",p52_00.jpg; p52_01.jpg
53,Cursos de Especialización,,,Narrativas y sistemas editoriales,Aribel González,DIS8947,LU 14:30 - 17:20,,"Curso teórico–práctico que aborda el desarrollo de proyectos editoriales experimentales desde el concepto, la identidad visual, la línea editorial, la curatoría y la distribución, culminando en una pieza editorial final. A través de revisiones de casos de estudio y referentes se introducirá a los estudiantes a las distintas posibilidades de proyectos editoriales, relevando el rol del diseñador como elemento diferenciador en la toma de decisiones. Se revisarán los actores y factores que participan del proceso editorial, búsqueda de lectores objetivos, manejo de presupuestos, búsqueda de fondos y posibilidades de distribución. Desde un enfoque experimental y visual se abordarán aspectos conceptuales, formales y materiales para el desarrollo de una línea editorial consistente con proyecciones a largo plazo.",p53_00.jpg
54,Cursos de Especialización,,,Interacciones Digitales,Guillermo Montecinos,DIS8948,JU 10:00 - 12:50,,"Este curso se centra en el análisis, descomposición y documentación de proyectos interactivos, con el objetivo de entrenar la capacidad de leer, interpretar y reconstruir obras complejas de interacción digital. A través de una aproximación analítica y exploratoria, se abordan proyectos que cruzan tecnología, diseño y narrativa, aprendiendo a identificar sus lógicas técnicas, sensoriales y conceptuales. Los estudiantes desarrollarán habilidades de pensamiento sistémico, modelado de componentes, visualización funcional y documentación estructurada para desglosar y reinterpretar experiencias interactivas complejas. El curso enfatiza la comprensión profunda antes de la ejecución, generando insumos valiosos para quienes buscan diseñar o replicar sistemas similares en contextos futuros.",p54_00.jpg
55,Cursos de Especialización,,,Introducción al Diseño de Servicios,Dominique Tetzner,DIS8949,JU 10:00 - 12:50,,"El curso aborda los conocimientos y prácticas esenciales para el desarrollo de un proyecto de Diseño de Servicios, campo estratégico del diseño contemporáneo, que amplía y desplaza la mirada desde el producto material hacia el sistema que lo sustenta, junto con los relatos, interacciones y experiencias que en él ocurren. Su propósito es desarrollar servicios que sean coherentes y significativos en todos sus componentes. A través del trabajo de campo, revisión de casos y desarrollo de ejercicios, las y los estudiantes pondrán en práctica diversas metodologías y herramientas para la recopilación, análisis, articulación y visualización de la información, que ayudan a comprender las problemáticas y necesidades, así como también la articulación entre los actores involucrados, previo a la toma de decisiones respecto de la experiencia y el servicio a proyectar. El proyecto a desarrollar a lo largo del curso se situará en un contexto de servicio real, con una secuencia de trabajo desde la detección de problemas y necesidades, el estudio de usuarios, el desarrollo narrativo, las instancias de co-creación, la incorporación de testeos para la validación de prototipos, y la aplicación de un plan de gestión que permita su implementación. PALABRAS CLAVE DEL CURSO: #needfinding #hallazgos #insight #viaje del usuario #co-creación #componentes",p55_00.jpg; p55_01.jpg
56,Cursos de Especialización,,,Diseño y Neurociencia humana,Francisco J. Parada + Ph.D.,DIS8970,MA 14:30 - 17:20,,"En las últimas décadas, la Neurociencia Humana ha mostrado que la cognición no ocurre “solo en el cerebro”. Pensar, sentir, aprender y decidir emergen del acoplamiento dinámico entre cerebro, cuerpo y entorno. En este curso trabajaremos esta mirada contemporánea desde el marco 3E/4E de la cognición: los procesos cognitivos son corporizados (dependen del cuerpo), se sostienen en andamios socio-ambientales (lo natural, construido, social y digital facilita u obstaculiza lo que podemos hacer) y son enactivos (se generan en la acción y la interacción con el mundo). Desde esta perspectiva, el diseño deja de ser solo “forma” o “estética” y se convierte en una herramienta para configurar entornos que modelan experiencia, conducta y bienestar: espacios, objetos, interfaces y servicios pueden ampliar o limitar atención, memoria, regulación emocional, colaboración y aprendizaje. Esto incluye una aproximación neuro-afirmativa a la neurodiversidad, entendiendo que distintas formas de percibir y actuar requieren diseños más accesibles, flexibles e inclusivos. El curso introduce principios básicos del sistema cerebro/cuerpo y los traduce a problemas reales de diseño. Además, exploraremos metodologías contemporáneas como MoBI (Mobile Brain/Body Imaging) e interfaces cerebro-computador (BCI), no solo como tecnologías, sino como dispositivos de investigación-acción, performance y evaluación para prototipar y estudiar cómo las personas se desempeñan en contextos cotidianos.",p56_00.jpg
58,Seminario de Título,,,"Seminario de Título, sección 1: Taller Singular",Héctor Novoa y + Elisa Errázuriz,DIS8VIAT1_2,MI 10:00 - 18:45,,"El Seminario y Taller de Título se plantea como una plataforma de formación avanzada centrada en la noción de ""lo Singular"". Esta categoría define la capacidad del estudiante para generar una propuesta de valor única, resultado de una combinación irreductible entre su visión personal y su competencia técnica. Entendemos este concepto no como una mera distinción estética, sino como la huella irrepetible que cada estudiante construye durante su formación; una síntesis de mirada crítica, criterio y método, situada en un contexto específico y verificable en sus resultados. El propósito del curso es acompañar el desarrollo integral del proyecto de título de todas las menciones, entendiéndolo como el hito de transición entre la academia y el ejercicio profesional. A través de una metodología que fomenta la autonomía y la reflexión crítica, se busca que el estudiante consolide una mirada proyectual propia, capaz de transformar contextos y generar nuevo conocimiento. El taller incentiva el desarrollo de soluciones que posean un alto compromiso formal en términos de exploración creativa contemporánea, viabilidad técnica y económica, aptas para la postulación a fondos concursables, el patentamiento o la inserción en el mercado, posicionando al diseño como una herramienta estratégica de transformación social y cultural. Respecto a resultados de los(as) titulados(as) del taller, un hito relevante es la obtención del 1er lugar del premio Chile-Diseño academia en las últimas 3 versiones.",p58_00.jpg; p58_01.jpg; p58_02.jpg; p58_03.jpg; p58_04.jpg; p58_05.jpg
59,Seminario de Título,,,"Seminario de Título, sección 2 Taller Ruina",Jenny Abud,DIS8VIAT1_2,MI 08:30 - 17:20,,"Taller Ruina es un curso de quinto año de la Escuela de diseño, este año 2026 es su quinta versión que se imparte. Este taller se especializa en temáticas de Patrimonio, Cultura, Derechos Humanos y Diseño, este último su foco es desde investigaciones sobre la disciplina del diseño y análisis de metodologías, historia, etc. es decir un aporte a la disciplina misma desde investigaciones. La metodología del taller está dada por: primer semestre con Seminario de investigación es decir desde el diseño iniciamos una investigación con temas de interés por parte del estudiante, (pero enmarcados en los pilares del taller). Lectoescritura como herramienta para investigar y escribir. Entrega de una estructura de informe para construcción de marco teórico. Al finalizar la etapa de Seminario, pueden definir si su proyecto continúa en investigación o creación. Nuestras principales características son un taller con énfasis en el vínculo con el medio (segundo semestre) trabajo colaborativo de investigación y luego de creación desde un grupo curso (durante todo el año), generando una red de apoyo entre pares, desde investigaciones similares hasta creación de proyecto. El año 2025, 7 estudiantes fueron de Diseño industrial y 8 de mención gráfica. Premios Chile Diseño 2024; Sebastián Romero, Martín Leiva, Antonieta Pavéz; Latin American Design Awards 2025, Martín Leiva. Ejemplos de Vínculo con el medio: Biblioteca Nacional Daniela Martínez (2024), Carolina Leyton (2025), Instituto MICARE Perla Arrué (2022), Municipalidad de Pucón Consuelo Messa (2024), Laboratorio regenerativo UCV Alicia Silva (2025), entre otros.",p59_00.jpg; p59_01.jpg; p59_02.jpg; p59_03.jpg
60,Seminario de Título,,,"Seminario de Título, sección 3: Taller Estratégico",Cristian González y + Valentina Pizarro,DIS8VIAT1_2,MI 10:00 - 18:45,,"El taller de titulación se centra en la estrategia como herramienta clave para el desarrollo de proyectos significativos y efectivos. Los estudiantes aprenderán a identificar oportunidades de diseño a través de un enfoque centrado en el usuario, para crear soluciones que respondan a las necesidades del mercado. El taller fomenta la colaboración entre los estudiantes, quienes trabajan en equipos multidisciplinarios para enriquecer el proceso de diseño. A través de dinámicas prácticas, se les anima a experimentar con prototipos y recibir retroalimentación constante. Al final del taller, los participantes no solo presentarán sus proyectos finales, sino que también obtendrán habilidades para pensar estratégicamente y aplicar métodos que les permitan identificar y capitalizar nuevas oportunidades en el ámbito del diseño. Los estudiantes tendrán la oportunidad de profundizar en temas de su interés, abriendo la puerta a una especialización que podrán desarrollar a lo largo de su carrera profesional. Los ámbitos de patrimonio, educación, diseño social y diseño de productos, entre otros, son parte de los escenarios donde los alumnos van a desenvolverse. Este enfoque les permitirá no solo adquirir conocimientos técnicos, sino también explorar sus inquietudes, posicionándose de manera competitiva en el mercado laboral con experiencia. El objetivo central del taller es preparar a los diseñadores para enfrentar los desafíos del mundo profesional con un enfoque sólido, basado en la investigación, especialización y diseño.",p60_00.jpg; p60_01.jpg; p60_02.jpg; p60_03.jpg; p60_04.jpg; p60_05.jpg
61,Seminario de Título,"Seminario de Título,",DIS8VIAT1_2-04 · :,,Guadalupe Gajardo y + Antonieta Aguayo,DIS8VIAT1_2,MI 10:00 - 18:45,,"El taller tiene como pilar el desarrollo y la innovación en el ámbito de la industria textil, mediante una metodología de investigación aplicada orientada a la exploración, el análisis y la experimentación de materiales, técnicas y procesos, con el fin de generar propuestas textiles innovadoras y pertinentes dentro del contexto local. Durante el primer semestre, iniciamos un proceso de investigación y aplicación en áreas y técnicas específicas vinculadas al vestuario, la economía y los procesos circulares, así como a la innovación en el desarrollo o mejoramiento de materias primas textiles, entre otros enfoques. En el segundo semestre, se profundiza en el proceso y/o técnica desarrollada, con el objetivo de consolidar un producto viable y con impacto social, cultural o ambiental mediante visiones críticas y soluciones reales en relación al contexto en que se desarrolla la investigación. En este taller hemos desarrollado proyectos como la creación de un nuevo textil a partir de retazos descartados de fibras sintéticas, Textil no tejido a partir de Fibras recicladas, Desarrollo de investigación textil a base de material biocelular como alternativa en la industria del cuero, Revalorización de Residuos, Descartes Industriales de terrazo y Mármol, Transformación el vellón de lana, subproducto descartado de la industria ovina chilena, entre otros.",p61_00.jpg; p61_01.jpg; p61_02.jpg; p61_03.jpg
62,Seminario de Título,,,"Seminario de Título, sección 5: DIP Diseño de Interfaces Phygitales",Sergio Majluf y + Simón Gallardo,DIS8VIAT1_2,MI 10:00 - 18:45,,"Se concibe como un proceso de diseño integral orientado al desarrollo de soluciones phygital, entendidas como sistemas donde lo físico y lo digital se articulan para responder a una problemática real, pertinente y contextualizada. En concordancia con los lineamientos formativos de buscamos proyectos que aborden el diseño como una orquestación de experiencias, donde la dimensión material, tecnológica, simbólica y de uso se integran en una propuesta con sentido social, técnico y cultural. El proceso se estructura en tres momentos entre el seminario y su continuidad en Proyecto de Título: ● Investigación y diagnóstico, orientados a comprender en profundidad el problema de diseño, su contexto y los actores involucrados, identificando una tensión relevante que justifique la propuesta. ● Ideación y definición del sistema phygital, donde se exploran y deciden las estrategias de articulación entre lo físico y lo digital asegurando coherencia entre la intención proyectual, la experiencia de usuario y los medios tecnológicos seleccionados. ● Prototipado y validación, entendidos como un proceso iterativo de prueba, error y ajuste. El prototipo se utiliza como herramienta de pensamiento y evaluación, permitiendo contrastar la hipótesis de diseño con usuarios reales y con los objetivos planteados.",p62_00.jpg; p62_01.jpg; p62_02.jpg
63,Seminario de Título,,,"Seminario de Título, vía Práctica Profesional.",Joaquín Béjares,DIS8VIAP1_2,VI 10:00 - 12:50,@mail.udp.cl,"El Taller de Titulación Profesional (TP1) es un curso orientado a la inserción laboral y a la consolidación de competencias profesionales mediante una experiencia prolongada en contextos reales de trabajo. A lo largo de dos semestres, los estudiantes se incorporan a una oficina, empresa o institución colaboradora, participando activamente en el desarrollo de proyectos de diseño y aportando con conocimientos técnicos, creativos, estratégicos e investigativos propios del perfil del diseñador UDP. Esta integración busca fortalecer la capacidad de análisis, gestión y resolución de problemas en un entorno laboral exigente y profesional. El programa cuenta con un listado de organizaciones asociadas en las que los y las estudiantes pueden integrarse, entre ellas: ● Cromolux ● Teks ● Teatro Municipal de Santiago ● Museo Nacional de Bellas Artes ● Museo Interactivo Mirador (MIM) ● Museo Taller ● Otros Pérez ● Entre otras instituciones colaboradoras Durante el proceso, cada estudiante trabaja bajo la supervisión de un/a profesional de la institución y con el acompañamiento académico de un/a docente de la Escuela, quien orienta el análisis crítico de la experiencia y la elaboración de propuestas de valor para la organización. En el primer semestre se trabaja en media jornada, y en el segundo, en jornada completa. Al finalizar el año académico, los proyectos desarrollados son presentados ante una comisión evaluadora como cierre del proceso de titulación.",p63_00.jpg; p63_01.jpg; p63_02.jpg; p63_03.jpg; p63_04.jpg
